Row,R,exp_variance
DAn,0.640013518216768,40.9617303500205
Vi2,0.635791528123794,40.4230867233989
Smn,0.612029571640574,37.4580196562545
FPn,0.534577419076069,28.5773016986031
PMm,0.516907575025122,26.7193441118352
Def,0.491651669969313,24.1721364583615
CiO,0.485133119453329,23.5354143590518
Lan,0.464629696268252,21.5880754654328
VMm,0.392644142919249,15.4169422968792
Vi1,0.370596081564183,13.7341455670726
Aud,0.276272750694263,7.63266327761745
OrA,0.174497812839216,3.04494866856701
